Workbook

Sheet EVDATASHEET
A1: Vehicle_ID | B1: Manufacturer | C1: Model | D1: Year | E1: Battery_Type | F1: Battery_Capacity_kWh | G1: Range_km | H1: Charging_Type | I1: Charge_Time_hr | J1: Price_USD | K1: Color | L1: Country_of_Manufacture | M1: Region | N1: Autonomous_Level | O1: CO2_Emissions_g_per_km | P1: Safety_Rating | Q1: Units_Sold_2024 | R1: Total_Sales 2024 | S1: Warranty_Years | T1: Autonomous Level | U1: Range Type
A2: 1 | B2: Acura | C2: ZDX (with GM Ultium) | D2: 2015 | E2: Lithium-titanate | F2: 55.8 | G2: 214 | H2: CHAdeMO | I2: 9 | J2: 111203.94 | K2: Matte White | L2: UK | M2: Europe | N2: 0 | O2: 0 | P2: 5 | Q2: 19726 | R2: 2.1936089e+09 | S2: 3 | T2: No Driving Automation | U2: Good Range
A3: 2 | B3: Lamborghini | C3: Revuelto (PHEV) | D3: 2025 | E3: Lithium-titanate | F3: 90.8 | G3: 212 | H3: Vehicle-to-Home (V2H) | I3: 7.3 | J3: 127131.65 | K3: White | L3: Netherlands | M3: Europe | N3: 2 | O3: 0 | P3: 4 | Q3: 3349 | R3: 4.257639e+08 | S3: 3 | T3: Partial Driving Automation | U3: Good Range
A4: 3 | B4: NIO | C4: ET7 | D4: 2020 | E4: Calcium-ion | F4: 64.7 | G4: 235 | H4: Level 2 Charging | I4: 8.9 | J4: 94347.37 | K4: Beige | L4: UK | M4: Europe | N4: 5 | O4: 0 | P4: 5 | Q4: 6300 | R4: 594388431 | S4: 5 | T4: Full Driving Automation | U4: Good Range
A5: 4 | B5: Audi | C5: e-tron | D5: 2025 | E5: Lithium-iron phosphate | F5: 120.5 | G5: 140 | H5: Ultra-Fast Charging (350 kW+) | I5: 10.5 | J5: 75615.15 | K5: Sunset Orange | L5: Argentina | M5: South America | N5: 2 | O5: 0 | P5: 5 | Q5: 2339 | R5: 1.7686384e+08 | S5: 5 | T5: Partial Driving Automation | U5: Average Range
A6: 5 | B6: Acura | C6: ZDX (with GM Ultium) | D6: 2023 | E6: Lithium-titanate | F6: 51.8 | G6: 336 | H6: Plug-in Hydrogen Refueling | I6: 3.6 | J6: 141046.94 | K6: Ice Silver | L6: United Arab Emirates | M6: Asia | N6: 2 | O6: 0 | P6: 3 | Q6: 1051 | R6: 1.4824033e+08 | S6: 4 | T6: Partial Driving Automation | U6: Good Range
A7: 6 | B7: XPeng | C7: G9 | D7: 2016 | E7: Lithium-iron phosphate | F7: 138.7 | G7: 390 | H7: Mobile Charging | I7: 2.9 | J7: 89907.75 | K7: Ruby Red | L7: Australia | M7: Oceania | N7: 0 | O7: 0 | P7: 5 | Q7: 8609 | R7: 7.7401582e+08 | S7: 5 | T7: No Driving Automation | U7: Good Range
A8: 7 | B8: Jeep | C8: Recon (upcoming) | D8: 2024 | E8: Nickel-cobalt-aluminum | F8: 67.1 | G8: 170 | H8: Vehicle-to-Load (V2L) | I8: 1.5 | J8: 35653.97 | K8: Orange | L8: Sweden | M8: Europe | N8: 5 | O8: 0 | P8: 0 | Q8: 12504 | R8: 4.4581724e+08 | S8: 5 | T8: Full Driving Automation | U8: Average Range
A9: 8 | B9: Changan | C9: Q05 | D9: 2019 | E9: Lead-acid | F9: 131.9 | G9: 105 | H9: CCS | I9: 8.3 | J9: 94436.44 | K9: Bronze | L9: Mexico | M9: North America | N9: 0 | O9: 0 | P9: 5 | Q9: 8630 | R9: 8.1498648e+08 | S9: 5 | T9: No Driving Automation | U9: Average Range
A10: 9 | B10: Citroen | C10: ë-C4 | D10: 2023 | E10: Aluminum-ion | F10: 33.8 | G10: 420 | H10: Solar Charging | I10: 10.2 | J10: 90919.55 | K10: Metallic Silver | L10: Sweden | M10: Europe | N10: 1 | O10: 0 | P10: 5 | Q10: 18 | R10: 1636551.9 | S10: 5 | T10: Driver Assistance | U10: Long Range
A11: 10 | B11: Rimac | C11: Nevera | D11: 2015 | E11: Solid-state | F11: 140.8 | G11: 549 | H11: Solar Charging | I11: 3.3 | J11: 58904.59 | K11: Matte Green | L11: UK | M11: Europe | N11: 0 | O11: 0 | P11: 0 | Q11: 17455 | R11: 1.0281796e+09 | S11: 3 | T11: No Driving Automation | U11: Long Range
A12: 11 | B12: Volkswagen | C12: ID.Buzz | D12: 2022 | E12: Lead-acid | F12: 41.5 | G12: 370 | H12: Vehicle-to-Grid (V2G) | I12: 11.6 | J12: 141469.62 | K12: Stealth Gray | L12: Denmark | M12: Europe | N12: 3 | O12: 0 | P12: 4 | Q12: 16959 | R12: 2.3991833e+09 | S12: 4 | T12: Conditional Driving Automation | U12: Good Range
A13: 12 | B13: Jaguar | C13: I-PACE | D13: 2018 | E13: Solid-state | F13: 64 | G13: 401 | H13: Ultra-Fast Charging (350 kW+) | I13: 7.3 | J13: 30862.9 | K13: Cosmic Purple | L13: South Korea | M13: Asia | N13: 0 | O13: 0 | P13: 0 | Q13: 7798 | R13: 2.4066889e+08 | S13: 4 | T13: No Driving Automation | U13: Long Range
... A1001: 1000 | B1001: Faraday Future | C1001: FF 91 | D1001: 2022 | E1001: Lithium-iron phosphate | F1001: 114.7 | G1001: 164 | H1001: NACS | I1001: 9 | J1001: 128661.08 | K1001: Sky Blue | L1001: Turkey | M1001: Europe | N1001: 3 | O1001: 0 | P1001: 4 | Q1001: 18897 | R1001: 2.4313084e+09 | S1001: 5 | T1001: Conditional Driving Automation | U1001: Average Range
A1002: 1001 | B1002: Opel | C1002: Corsa-e | D1002: 2022 | E1002: Lead-acid | F1002: 50.9 | G1002: 320 | H1002: Inductive (Wireless) Charging | I1002: 7.6 | J1002: 76612.94 | K1002: Platinum | L1002: South Africa | M1002: Africa | N1002: 1 | O1002: 0 | P1002: 5 | Q1002: 9426 | R1002: 7.2215357e+08 | S1002: 4
A1003: 1002 | B1003: Polestar | C1003: Polestar 2 | D1003: 2021 | E1003: Lithium-sulfur | F1003: 104.3 | G1003: 354 | H1003: Level 1 Charging | I1003: 11.7 | J1003: 78665.4 | K1003: Metallic Silver | L1003: Spain | M1003: Europe | N1003: 4 | O1003: 0 | P1003: 3 | Q1003: 8152 | R1003: 6.4128034e+08 | S1003: 3
A1004: 1003 | B1004: Dacia | C1004: Jogger Hybrid | D1004: 2018 | E1004: Lithium-iron phosphate | F1004: 116.8 | G1004: 474 | H1004: DC Fast Charging (DCFC) | I1004: 8.4 | J1004: 45955.45 | K1004: Electric Blue | L1004: Portugal | M1004: Europe | N1004: 4 | O1004: 0 | P1004: 3 | Q1004: 450 | R1004: 20679952 | S1004: 4
A1005: 1004 | B1005: Kia | C1005: EV6 | D1005: 2018 | E1005: Nickel-manganese-cobalt | F1005: 38.8 | G1005: 470 | H1005: CCS | I1005: 10.5 | J1005: 69013.39 | K1005: Tan | L1005: India | M1005: Asia | N1005: 5 | O1005: 0 | P1005: 5 | Q1005: 4781 | R1005: 3.2995302e+08 | S1005: 3
A1006: 1005 | B1006: NIO | C1006: ES8 | D1006: 2018 | E1006: Calcium-ion | F1006: 106.6 | G1006: 584 | H1006: Ultra-Fast Charging (350 kW+) | I1006: 6.1 | J1006: 143897.16 | K1006: Brown | L1006: South Korea | M1006: Asia | N1006: 3 | O1006: 0 | P1006: 0 | Q1006: 1952 | R1006: 2.8088726e+08 | S1006: 5
A1007: 1006 | B1007: Changan | C1007: Q05 | D1007: 2019 | E1007: Lithium-iron phosphate | F1007: 73.7 | G1007: 551 | H1007: Solar Charging | I1007: 2.1 | J1007: 63519.37 | K1007: Brown | L1007: USA | M1007: South America | N1007: 4 | O1007: 0 | P1007: 4 | Q1007: 7350 | R1007: 4.6686737e+08 | S1007: 4
A1008: 1007 | B1008: Lucid Motors | C1008: Lucid DreamDrive | D1008: 2019 | E1008: Calcium-ion | F1008: 82 | G1008: 299 | H1008: Battery Swapping | I1008: 2.3 | J1008: 56467.88 | K1008: Gray | L1008: Germany | M1008: Europe | N1008: 5 | O1008: 0 | P1008: 5 | Q1008: 16701 | R1008: 9.4307006e+08 | S1008: 5
A1009: 1008 | B1009: Ford | C1009: Mustang Mach-E | D1009: 2019 | E1009: Lithium-titanate | F1009: 68.2 | G1009: 230 | H1009: CCS | I1009: 3.6 | J1009: 108995.26 | K1009: Cobalt Blue | L1009: Poland | M1009: Europe | N1009: 0 | O1009: 0 | P1009: 3 | Q1009: 7904 | R1009: 8.6149854e+08 | S1009: 4
A1010: 1009 | B1010: Honda | C1010: e:Ny1 | D1010: 2025 | E1010: Aluminum-ion | F1010: 92.3 | G1010: 414 | H1010: NACS | I1010: 7.7 | J1010: 147294.21 | K1010: White | L1010: Sweden | M1010: Europe | N1010: 2 | O1010: 0 | P1010: 4 | Q1010: 18610 | R1010: 2.7411452e+09 | S1010: 4
A1011: 1010 | B1011: Tesla | C1011: Model Y | D1011: 2018 | E1011: Nickel-metal hydride | F1011: 34.1 | G1011: 256 | H1011: Vehicle-to-Grid (V2G) | I1011: 3.4 | J1011: 126551.18 | K1011: Matte Blue | L1011: Denmark | M1011: Europe | N1011: 5 | O1011: 0 | P1011: 5 | Q1011: 11694 | R1011: 1.4798895e+09 | S1011: 3
A1012: 1011 | B1012: NIO | C1012: EL7 | D1012: 2024 | E1012: Lithium-iron phosphate | F1012: 135.7 | G1012: 266 | H1012: Level 2 Charging | I1012: 10.4 | J1012: 72825.68 | K1012: Stealth Gray | L1012: Belgium | M1012: Europe | N1012: 3 | O1012: 0 | P1012: 3 | Q1012: 2499 | R1012: 1.8199137e+08 | S1012: 3
A1013: 1012 | B1013: Ferrari | C1013: SF90 Stradale (PHEV) | D1013: 2018 | E1013: Nickel-cobalt-aluminum | F1013: 132.7 | G1013: 204 | H1013: Vehicle-to-Home (V2H) | I1013: 5.2 | J1013: 149514.73 | K1013: Red | L1013: France | M1013: Europe | N1013: 4 | O1013: 0 | P1013: 5 | Q1013: 7029 | R1013: 1.050939e+09 | S1013: 3
... A3023: 3022 | B3023: MG | C3023: MG4 Electric | D3023: 2016 | E3023: Lithium-sulfur | F3023: 76.2 | G3023: 404 | H3023: NACS | I3023: 2.4 | J3023: 148993.26 | K3023: Matte Black | L3023: Austria | M3023: Europe | N3023: 5 | O3023: 0 | P3023: 4 | Q3023: 5786 | R3023: 8.62075e+08 | S3023: 5
R3024: 0 | S3024: 12080

Sheet EV DATA SHEET
A1: Vehicle_ID | B1: Manufacturer | C1: Model | D1: Year | E1: Battery_Type | F1: Battery_Capacity_kWh | G1: Range_km | H1: Charging_Type | I1: Charge_Time_hr | J1: Price_USD | K1: Color | L1: Country_of_Manufacture | M1: Region | N1: Autonomous_Level | O1: CO2_Emissions_g_per_km | P1: Safety_Rating | Q1: Units_Sold_2024 | R1: Total_Sales 2024 | S1: Warranty_Years | T1: Autonomous Level | U1: Range Type
A2: 1 | B2: Acura | C2: ZDX (with GM Ultium) | D2: 2015 | E2: Lithium-titanate | F2: 55.8 | G2: 214 | H2: CHAdeMO | I2: 9 | J2: 111203.94 | K2: Matte White | L2: UK | M2: Europe | N2: 0 | O2: 0 | P2: 5 | Q2: 19726 | R2: ='EV DATA SHEET'!$Q2*'EV DATA SHEET'!$J2 -> 2.1936089e+09 | S2: 3 | T2: No Driving Automation | U2: Good Range
A3: 2 | B3: Lamborghini | C3: Revuelto (PHEV) | D3: 2025 | E3: Lithium-titanate | F3: 90.8 | G3: 212 | H3: Vehicle-to-Home (V2H) | I3: 7.3 | J3: 127131.65 | K3: White | L3: Netherlands | M3: Europe | N3: 2 | O3: 0 | P3: 4 | Q3: 3349 | R3: ='EV DATA SHEET'!$Q3*'EV DATA SHEET'!$J3 -> 4.257639e+08 | S3: 3 | T3: Partial Driving Automation | U3: Good Range
A4: 3 | B4: NIO | C4: ET7 | D4: 2020 | E4: Calcium-ion | F4: 64.7 | G4: 235 | H4: Level 2 Charging | I4: 8.9 | J4: 94347.37 | K4: Beige | L4: UK | M4: Europe | N4: 5 | O4: 0 | P4: 5 | Q4: 6300 | R4: ='EV DATA SHEET'!$Q4*'EV DATA SHEET'!$J4 -> 594388431 | S4: 5 | T4: Full Driving Automation | U4: Good Range
A5: 4 | B5: Audi | C5: e-tron | D5: 2025 | E5: Lithium-iron phosphate | F5: 120.5 | G5: 140 | H5: Ultra-Fast Charging (350 kW+) | I5: 10.5 | J5: 75615.15 | K5: Sunset Orange | L5: Argentina | M5: South America | N5: 2 | O5: 0 | P5: 5 | Q5: 2339 | R5: ='EV DATA SHEET'!$Q5*'EV DATA SHEET'!$J5 -> 1.7686384e+08 | S5: 5 | T5: Partial Driving Automation | U5: Average Range
A6: 5 | B6: Acura | C6: ZDX (with GM Ultium) | D6: 2023 | E6: Lithium-titanate | F6: 51.8 | G6: 336 | H6: Plug-in Hydrogen Refueling | I6: 3.6 | J6: 141046.94 | K6: Ice Silver | L6: United Arab Emirates | M6: Asia | N6: 2 | O6: 0 | P6: 3 | Q6: 1051 | R6: ='EV DATA SHEET'!$Q6*'EV DATA SHEET'!$J6 -> 1.4824033e+08 | S6: 4 | T6: Partial Driving Automation | U6: Good Range
A7: 6 | B7: XPeng | C7: G9 | D7: 2016 | E7: Lithium-iron phosphate | F7: 138.7 | G7: 390 | H7: Mobile Charging | I7: 2.9 | J7: 89907.75 | K7: Ruby Red | L7: Australia | M7: Oceania | N7: 0 | O7: 0 | P7: 5 | Q7: 8609 | R7: ='EV DATA SHEET'!$Q7*'EV DATA SHEET'!$J7 -> 7.7401582e+08 | S7: 5 | T7: No Driving Automation | U7: Good Range
A8: 7 | B8: Jeep | C8: Recon (upcoming) | D8: 2024 | E8: Nickel-cobalt-aluminum | F8: 67.1 | G8: 170 | H8: Vehicle-to-Load (V2L) | I8: 1.5 | J8: 35653.97 | K8: Orange | L8: Sweden | M8: Europe | N8: 5 | O8: 0 | P8: 0 | Q8: 12504 | R8: ='EV DATA SHEET'!$Q8*'EV DATA SHEET'!$J8 -> 4.4581724e+08 | S8: 5 | T8: Full Driving Automation | U8: Average Range
A9: 8 | B9: Changan | C9: Q05 | D9: 2019 | E9: Lead-acid | F9: 131.9 | G9: 105 | H9: CCS | I9: 8.3 | J9: 94436.44 | K9: Bronze | L9: Mexico | M9: North America | N9: 0 | O9: 0 | P9: 5 | Q9: 8630 | R9: ='EV DATA SHEET'!$Q9*'EV DATA SHEET'!$J9 -> 8.1498648e+08 | S9: 5 | T9: No Driving Automation | U9: Average Range
A10: 9 | B10: Citroen | C10: ë-C4 | D10: 2023 | E10: Aluminum-ion | F10: 33.8 | G10: 420 | H10: Solar Charging | I10: 10.2 | J10: 90919.55 | K10: Metallic Silver | L10: Sweden | M10: Europe | N10: 1 | O10: 0 | P10: 5 | Q10: 18 | R10: ='EV DATA SHEET'!$Q10*'EV DATA SHEET'!$J10 -> 1636551.9 | S10: 5 | T10: Driver Assistance | U10: Long Range
A11: 10 | B11: Rimac | C11: Nevera | D11: 2015 | E11: Solid-state | F11: 140.8 | G11: 549 | H11: Solar Charging | I11: 3.3 | J11: 58904.59 | K11: Matte Green | L11: UK | M11: Europe | N11: 0 | O11: 0 | P11: 0 | Q11: 17455 | R11: ='EV DATA SHEET'!$Q11*'EV DATA SHEET'!$J11 -> 1.0281796e+09 | S11: 3 | T11: No Driving Automation | U11: Long Range
A12: 11 | B12: Volkswagen | C12: ID.Buzz | D12: 2022 | E12: Lead-acid | F12: 41.5 | G12: 370 | H12: Vehicle-to-Grid (V2G) | I12: 11.6 | J12: 141469.62 | K12: Stealth Gray | L12: Denmark | M12: Europe | N12: 3 | O12: 0 | P12: 4 | Q12: 16959 | R12: ='EV DATA SHEET'!$Q12*'EV DATA SHEET'!$J12 -> 2.3991833e+09 | S12: 4 | T12: Conditional Driving Automation | U12: Good Range
A13: 12 | B13: Jaguar | C13: I-PACE | D13: 2018 | E13: Solid-state | F13: 64 | G13: 401 | H13: Ultra-Fast Charging (350 kW+) | I13: 7.3 | J13: 30862.9 | K13: Cosmic Purple | L13: South Korea | M13: Asia | N13: 0 | O13: 0 | P13: 0 | Q13: 7798 | R13: ='EV DATA SHEET'!$Q13*'EV DATA SHEET'!$J13 -> 2.4066889e+08 | S13: 4 | T13: No Driving Automation | U13: Long Range
... A1001: 1000 | B1001: Faraday Future | C1001: FF 91 | D1001: 2022 | E1001: Lithium-iron phosphate | F1001: 114.7 | G1001: 164 | H1001: NACS | I1001: 9 | J1001: 128661.08 | K1001: Sky Blue | L1001: Turkey | M1001: Europe | N1001: 3 | O1001: 0 | P1001: 4 | Q1001: 18897 | R1001: ='EV DATA SHEET'!$Q1001*'EV DATA SHEET'!$J1001 -> 2.4313084e+09 | S1001: 5 | T1001: Conditional Driving Automation | U1001: Average Range
A1002: 1001 | B1002: Opel | C1002: Corsa-e | D1002: 2022 | E1002: Lead-acid | F1002: 50.9 | G1002: 320 | H1002: Inductive (Wireless) Charging | I1002: 7.6 | J1002: 76612.94 | K1002: Platinum | L1002: South Africa | M1002: Africa | N1002: 1 | O1002: 0 | P1002: 5 | Q1002: 9426 | R1002: ='EV DATA SHEET'!$Q1002*'EV DATA SHEET'!$J1002 -> 7.2215357e+08 | S1002: 4
A1003: 1002 | B1003: Polestar | C1003: Polestar 2 | D1003: 2021 | E1003: Lithium-sulfur | F1003: 104.3 | G1003: 354 | H1003: Level 1 Charging | I1003: 11.7 | J1003: 78665.4 | K1003: Metallic Silver | L1003: Spain | M1003: Europe | N1003: 4 | O1003: 0 | P1003: 3 | Q1003: 8152 | R1003: ='EV DATA SHEET'!$Q1003*'EV DATA SHEET'!$J1003 -> 6.4128034e+08 | S1003: 3
A1004: 1003 | B1004: Dacia | C1004: Jogger Hybrid | D1004: 2018 | E1004: Lithium-iron phosphate | F1004: 116.8 | G1004: 474 | H1004: DC Fast Charging (DCFC) | I1004: 8.4 | J1004: 45955.45 | K1004: Electric Blue | L1004: Portugal | M1004: Europe | N1004: 4 | O1004: 0 | P1004: 3 | Q1004: 450 | R1004: ='EV DATA SHEET'!$Q1004*'EV DATA SHEET'!$J1004 -> 20679952 | S1004: 4
A1005: 1004 | B1005: Kia | C1005: EV6 | D1005: 2018 | E1005: Nickel-manganese-cobalt | F1005: 38.8 | G1005: 470 | H1005: CCS | I1005: 10.5 | J1005: 69013.39 | K1005: Tan | L1005: India | M1005: Asia | N1005: 5 | O1005: 0 | P1005: 5 | Q1005: 4781 | R1005: ='EV DATA SHEET'!$Q1005*'EV DATA SHEET'!$J1005 -> 3.2995302e+08 | S1005: 3
A1006: 1005 | B1006: NIO | C1006: ES8 | D1006: 2018 | E1006: Calcium-ion | F1006: 106.6 | G1006: 584 | H1006: Ultra-Fast Charging (350 kW+) | I1006: 6.1 | J1006: 143897.16 | K1006: Brown | L1006: South Korea | M1006: Asia | N1006: 3 | O1006: 0 | P1006: 0 | Q1006: 1952 | R1006: ='EV DATA SHEET'!$Q1006*'EV DATA SHEET'!$J1006 -> 2.8088726e+08 | S1006: 5
A1007: 1006 | B1007: Changan | C1007: Q05 | D1007: 2019 | E1007: Lithium-iron phosphate | F1007: 73.7 | G1007: 551 | H1007: Solar Charging | I1007: 2.1 | J1007: 63519.37 | K1007: Brown | L1007: USA | M1007: South America | N1007: 4 | O1007: 0 | P1007: 4 | Q1007: 7350 | R1007: ='EV DATA SHEET'!$Q1007*'EV DATA SHEET'!$J1007 -> 4.6686737e+08 | S1007: 4
A1008: 1007 | B1008: Lucid Motors | C1008: Lucid DreamDrive | D1008: 2019 | E1008: Calcium-ion | F1008: 82 | G1008: 299 | H1008: Battery Swapping | I1008: 2.3 | J1008: 56467.88 | K1008: Gray | L1008: Germany | M1008: Europe | N1008: 5 | O1008: 0 | P1008: 5 | Q1008: 16701 | R1008: ='EV DATA SHEET'!$Q1008*'EV DATA SHEET'!$J1008 -> 9.4307006e+08 | S1008: 5
A1009: 1008 | B1009: Ford | C1009: Mustang Mach-E | D1009: 2019 | E1009: Lithium-titanate | F1009: 68.2 | G1009: 230 | H1009: CCS | I1009: 3.6 | J1009: 108995.26 | K1009: Cobalt Blue | L1009: Poland | M1009: Europe | N1009: 0 | O1009: 0 | P1009: 3 | Q1009: 7904 | R1009: ='EV DATA SHEET'!$Q1009*'EV DATA SHEET'!$J1009 -> 8.6149854e+08 | S1009: 4
A1010: 1009 | B1010: Honda | C1010: e:Ny1 | D1010: 2025 | E1010: Aluminum-ion | F1010: 92.3 | G1010: 414 | H1010: NACS | I1010: 7.7 | J1010: 147294.21 | K1010: White | L1010: Sweden | M1010: Europe | N1010: 2 | O1010: 0 | P1010: 4 | Q1010: 18610 | R1010: ='EV DATA SHEET'!$Q1010*'EV DATA SHEET'!$J1010 -> 2.7411452e+09 | S1010: 4
A1011: 1010 | B1011: Tesla | C1011: Model Y | D1011: 2018 | E1011: Nickel-metal hydride | F1011: 34.1 | G1011: 256 | H1011: Vehicle-to-Grid (V2G) | I1011: 3.4 | J1011: 126551.18 | K1011: Matte Blue | L1011: Denmark | M1011: Europe | N1011: 5 | O1011: 0 | P1011: 5 | Q1011: 11694 | R1011: ='EV DATA SHEET'!$Q1011*'EV DATA SHEET'!$J1011 -> 1.4798895e+09 | S1011: 3
A1012: 1011 | B1012: NIO | C1012: EL7 | D1012: 2024 | E1012: Lithium-iron phosphate | F1012: 135.7 | G1012: 266 | H1012: Level 2 Charging | I1012: 10.4 | J1012: 72825.68 | K1012: Stealth Gray | L1012: Belgium | M1012: Europe | N1012: 3 | O1012: 0 | P1012: 3 | Q1012: 2499 | R1012: ='EV DATA SHEET'!$Q1012*'EV DATA SHEET'!$J1012 -> 1.8199137e+08 | S1012: 3
A1013: 1012 | B1013: Ferrari | C1013: SF90 Stradale (PHEV) | D1013: 2018 | E1013: Nickel-cobalt-aluminum | F1013: 132.7 | G1013: 204 | H1013: Vehicle-to-Home (V2H) | I1013: 5.2 | J1013: 149514.73 | K1013: Red | L1013: France | M1013: Europe | N1013: 4 | O1013: 0 | P1013: 5 | Q1013: 7029 | R1013: ='EV DATA SHEET'!$Q1013*'EV DATA SHEET'!$J1013 -> 1.050939e+09 | S1013: 3
... A3023: 3022 | B3023: MG | C3023: MG4 Electric | D3023: 2016 | E3023: Lithium-sulfur | F3023: 76.2 | G3023: 404 | H3023: NACS | I3023: 2.4 | J3023: 148993.26 | K3023: Matte Black | L3023: Austria | M3023: Europe | N3023: 5 | O3023: 0 | P3023: 4 | Q3023: 5786 | R3023: ='EV DATA SHEET'!$Q3023*'EV DATA SHEET'!$J3023 -> 8.62075e+08 | S3023: 5
R3024: ='EV DATA SHEET'!$Q3024*'EV DATA SHEET'!$J3024 -> 0 | S3024: 12080

Sheet Sheet1
D1: 1
D2: UK
D3: Netherlands
D4: Argentina
D5: United Arab Emirates
D6: Australia
D7: Sweden
D8: Mexico
D9: Denmark
D10: South Korea
D11: Belgium
D12: Norway
D13: Hungary
... D41: Czech Republic
